# components.flow.util.remove.type.patch, jupiter
file,flow elapsed time,flow version
/home/joe/git/_teamshirts/components-flow/packages/utils/request/index.js,240,v0.101.0
/home/joe/git/_teamshirts/components-flow/packages/utils/request/index.js,232,v0.101.0
/home/joe/git/_teamshirts/components-flow/packages/utils/request/index.js,224,v0.101.0
/home/joe/git/_teamshirts/components-flow/packages/utils/request/index.js,224,v0.101.0
/home/joe/git/_teamshirts/components-flow/packages/utils/request/index.js,206,v0.101.0
/home/joe/git/_teamshirts/components-flow/packages/utils/request/index.js,262,v0.101.0
/home/joe/git/_teamshirts/components-flow/packages/utils/request/index.js,212,v0.101.0
/home/joe/git/_teamshirts/components-flow/packages/utils/request/index.js,204,v0.101.0
/home/joe/git/_teamshirts/components-flow/packages/utils/request/index.js,335,v0.101.0
/home/joe/git/_teamshirts/components-flow/packages/utils/request/index.js,268,v0.101.0
/home/joe/git/_teamshirts/components-flow/packages/utils/request/index.js,254,v0.101.0
/home/joe/git/_teamshirts/components-flow/packages/utils/request/index.js,247,v0.101.0
/home/joe/git/_teamshirts/components-flow/packages/utils/request/index.js,224,v0.101.0
/home/joe/git/_teamshirts/components-flow/packages/utils/request/index.js,242,v0.101.0
/home/joe/git/_teamshirts/components-flow/packages/utils/request/index.js,194,v0.101.0
/home/joe/git/_teamshirts/components-flow/packages/utils/request/index.js,222,v0.101.0
/home/joe/git/_teamshirts/components-flow/packages/utils/request/index.js,248,v0.101.0
/home/joe/git/_teamshirts/components-flow/packages/utils/request/index.js,270,v0.101.0
/home/joe/git/_teamshirts/components-flow/packages/utils/request/index.js,207,v0.101.0
/home/joe/git/_teamshirts/components-flow/packages/utils/request/index.js,243,v0.101.0
/home/joe/git/_teamshirts/components-flow/packages/utils/request/index.js,300,v0.101.0
/home/joe/git/_teamshirts/components-flow/packages/utils/request/index.js,258,v0.101.0
/home/joe/git/_teamshirts/components-flow/packages/utils/request/index.js,199,v0.101.0
/home/joe/git/_teamshirts/components-flow/packages/utils/request/index.js,207,v0.101.0
/home/joe/git/_teamshirts/components-flow/packages/utils/request/index.js,196,v0.101.0
/home/joe/git/_teamshirts/components-flow/packages/utils/request/index.js,220,v0.101.0
/home/joe/git/_teamshirts/components-flow/packages/utils/request/index.js,217,v0.101.0
/home/joe/git/_teamshirts/components-flow/packages/utils/request/index.js,206,v0.101.0
/home/joe/git/_teamshirts/components-flow/packages/utils/request/index.js,218,v0.101.0
/home/joe/git/_teamshirts/components-flow/packages/utils/request/index.js,233,v0.101.0
/home/joe/git/_teamshirts/components-flow/packages/utils/request/index.js,256,v0.101.0
/home/joe/git/_teamshirts/components-flow/packages/utils/request/index.js,233,v0.101.0
/home/joe/git/_teamshirts/components-flow/packages/utils/request/index.js,233,v0.101.0
/home/joe/git/_teamshirts/components-flow/packages/utils/request/index.js,193,v0.101.0
/home/joe/git/_teamshirts/components-flow/packages/utils/request/index.js,204,v0.101.0
/home/joe/git/_teamshirts/components-flow/packages/utils/request/index.js,228,v0.101.0
/home/joe/git/_teamshirts/components-flow/packages/utils/request/index.js,242,v0.101.0
/home/joe/git/_teamshirts/components-flow/packages/utils/request/index.js,186,v0.101.0
/home/joe/git/_teamshirts/components-flow/packages/utils/request/index.js,234,v0.101.0
/home/joe/git/_teamshirts/components-flow/packages/utils/request/index.js,194,v0.101.0
/home/joe/git/_teamshirts/components-flow/packages/utils/request/index.js,191,v0.101.0
/home/joe/git/_teamshirts/components-flow/packages/utils/request/index.js,230,v0.101.0
/home/joe/git/_teamshirts/components-flow/packages/utils/request/index.js,274,v0.101.0
/home/joe/git/_teamshirts/components-flow/packages/utils/request/index.js,209,v0.101.0
/home/joe/git/_teamshirts/components-flow/packages/utils/request/index.js,227,v0.101.0
/home/joe/git/_teamshirts/components-flow/packages/utils/request/index.js,208,v0.101.0
/home/joe/git/_teamshirts/components-flow/packages/utils/request/index.js,165,v0.101.0
/home/joe/git/_teamshirts/components-flow/packages/utils/request/index.js,258,v0.101.0
/home/joe/git/_teamshirts/components-flow/packages/utils/request/index.js,198,v0.101.0
/home/joe/git/_teamshirts/components-flow/packages/utils/request/index.js,210,v0.101.0
/home/joe/git/_teamshirts/components-flow/packages/utils/request/index.js,214,v0.101.0
/home/joe/git/_teamshirts/components-flow/packages/utils/request/index.js,203,v0.101.0
/home/joe/git/_teamshirts/components-flow/packages/utils/request/index.js,-702,v0.101.0
/home/joe/git/_teamshirts/components-flow/packages/utils/request/index.js,251,v0.101.0
/home/joe/git/_teamshirts/components-flow/packages/utils/request/index.js,241,v0.101.0
/home/joe/git/_teamshirts/components-flow/packages/utils/request/index.js,222,v0.101.0
/home/joe/git/_teamshirts/components-flow/packages/utils/request/index.js,206,v0.101.0
/home/joe/git/_teamshirts/components-flow/packages/utils/request/index.js,201,v0.101.0
/home/joe/git/_teamshirts/components-flow/packages/utils/request/index.js,221,v0.101.0
/home/joe/git/_teamshirts/components-flow/packages/utils/request/index.js,213,v0.101.0
/home/joe/git/_teamshirts/components-flow/packages/utils/request/index.js,210,v0.101.0
/home/joe/git/_teamshirts/components-flow/packages/utils/request/index.js,220,v0.101.0
